olanado,olanado
k.churchill,k.churchill
on4,jdoeyo
on5,apastirik
on6,mcruz2016
on7,mbodrug
on8,nbajwa
on9,rupenieks
on1,f.thome
on4,fathayde
on6,jpantani
on7,m.liebow
on8,s.franks
on9,amanda.barrer
on4,jkopytko
tdld228,tdld228
tdld228,tdlr081
on7,tdld753
on8,sgeiger
on1,romcoj
on2,gauaro
on3,most626
on4,0250dmcguinness
on5,kvanbom
on6,ankash
on7,kakmah
on8,o501240
on9,ahacker
on1,o502828
on2,r.daher
ubipana,ubipana
3247lorraine,3247lorraine
on6,o503882
on7,711bbovencamp
on8,ch09233
on9,o502189
on1,542aman
on2,jbtiansay
on3,o501070
1902prerna,1902prerna
on5,3149van
on6,rhoneyho
on7,10883amiller
on8,randydm
on9,o500864
glen3939,glen3939
on3,4563amanda
2830lnicholson,2830lnicholson
on1,steveford
on2,o501410
on3,jaycal
on4,1855mlawrence1
kwoodman,kwoodman
on6,o501409
on7,mikemarquis
1817bvarga,1817bvarga
on9,o500832
gskinner,gskinner
on1,tgross
on2,05686tharrison
on3,10887awyen
on4,m1789malekg
on5,1327mwhite
on6,shakhan
on7,2967sramnath
on8,mgazley
on9,fhogarth
on1,0749gbyram
on2,sharie5568
on3,o503765
on4,2550mcharbonneau
on5,3143schowdhury
on6,0952smarsh
on7,2103rsher
on8,2759ana
on1,1622jnadeau
on2,cpacpaco
on3,o502341
on4,0118jmarrast
on5,1702drodrigue
on8,tfrancis
on9,1345mlaffin
on1,3874cedwards
on2,o504042
on3,o501197
on4,o501992
on5,o503644
on6,cpeckham
on7,0274jmcleod
on8,vschouten
